sku_id,category,subcategory,unit_cost,list_price,on_hand_units,on_order_units,lead_time_days,reorder_point,date,total_forecast,avg_weekly_forecast,total_low80,total_high80,low_confidence,lead_time_weeks,stockout_risk,weeks_of_cover,target_cover_weeks,overstock_risk,sales_at_risk,excess_capital_at_risk,on_hand_value,revenue_at_stake,quadrant,recommended_action
SKU-0059,Furnishings,Tables,11010.07,21099.56,694.1,0.0,11.0,609.3,2026-08-16,118.3653009565133,19.727550159418882,76.91308612309314,146.8744055476298,False,1.5714285714285714,0.0,35.184297816553936,3.571428571428571,1.0,0.0,6866369.200629597,7642089.587,6866369.200629597,Markdown / clear,Promote or discount to free up capital.
SKU-0115,Furnishings,Storage,8885.06,15877.06,258.0,1354.0,20.0,1070.8,2026-08-16,2409.573965241418,401.59566087356967,1015.2860299386089,3087.9988177401196,False,2.857142857142857,0.20254561960750816,0.6424372201601639,4.857142857142858,0.0,3689894.155823461,0.0,2292345.48,3689894.155823461,Healthy,No action needed; leave as is.
SKU-0192,Furnishings,Chairs,7601.4,13786.14,224.0,191.0,14.0,411.2,2026-08-16,1010.0479385037945,168.34132308396576,700.4076344385495,1210.3986963444556,False,2.0,0.24769186320722308,1.33062991246821,4.0,0.0,1149675.1821265772,0.0,1702713.5999999999,1149675.1821265772,Healthy,No action needed; leave as is.
SKU-0129,Furnishings,Storage,3013.98,5659.52,386.7,0.0,14.0,363.7,2026-08-16,40.36802439759366,6.728004066265609,24.905136696534004,55.17670106268665,False,2.0,0.0,57.47618404972792,4.0,1.0,0.0,1084393.787217427,1165506.0659999999,1084393.787217427,Markdown / clear,Promote or discount to free up capital.
SKU-0099,Furnishings,Chairs,4956.88,9726.48,241.1,0.0,21.0,217.0,2026-08-16,32.078264299951414,5.346377383325236,17.499724122611255,40.54321140435331,False,3.0,7.47493162200029e-275,45.095956142558215,5.0,1.0,1.166121460842017e-269,1062597.012380714,1195103.768,1062597.012380714,Markdown / clear,Promote or discount to free up capital.
SKU-0161,Furnishings,Tables,3012.99,4974.46,371.8,0.0,18.0,324.2,2026-08-16,44.03461776453094,7.339102960755157,23.004933315709597,65.33915625506253,False,2.5714285714285716,5.3503686450926e-234,50.660142252826994,4.571428571428571,1.0,5.0228139865656425e-229,1019143.3102069683,1120229.682,1019143.3102069683,Markdown / clear,Promote or discount to free up capital.
SKU-0016,Furnishings,Storage,5036.27,9613.62,196.9,0.0,18.0,166.8,2026-08-16,19.89420482468853,3.315700804114755,9.878687970434195,28.508128251097833,False,2.5714285714285716,0.0,59.38412771009039,4.571428571428571,1.0,0.0,915304.3539086217,991641.5630000001,915304.3539086217,Markdown / clear,Promote or discount to free up capital.
SKU-0168,Small Appliances,Air Purifiers,1072.21,2219.73,1577.0,723.0,21.0,1631.9,2026-08-16,908.601907865065,151.43365131084417,750.8145085099669,1226.6183023097758,False,3.0,3.2759241014614914e-45,10.413801597921788,5.0,0.6767251997402235,3.303525257386094e-39,879031.7936399989,1690875.1700000002,879031.7936399989,Markdown / clear,Promote or discount to free up capital.
SKU-0196,Furnishings,Storage,3755.84,6983.48,247.9,0.0,9.0,188.2,2026-08-16,37.23966482685708,6.20661080447618,15.869624163097404,52.49915053786083,False,1.2857142857142858,2.6048244597859664e-288,39.9412832235615,3.2857142857142856,1.0,1.4516079484689676e-283,854479.3283072389,931072.736,854479.3283072389,Markdown / clear,Promote or discount to free up capital.
SKU-0175,Furnishings,Chairs,4594.18,9906.54,205.5,0.0,17.0,196.4,2026-08-16,30.667216053474235,5.111202675579039,13.874883856377359,37.84563851251372,False,2.4285714285714284,2.4608001237800156e-231,40.20580146075292,4.428571428571429,1.0,3.0260236729541264e-226,840113.227378451,944103.9900000001,840113.227378451,Markdown / clear,Promote or discount to free up capital.
SKU-0181,Small Appliances,Air Purifiers,3345.36,5288.35,259.7,0.0,18.0,180.9,2026-08-16,17.319140874807978,2.886523479134663,3.705230643024171,27.812973186667417,True,2.5714285714285716,0.0,89.96982074708576,4.571428571428571,1.0,0.0,824646.1740061351,868789.992,824646.1740061351,Markdown / clear,Promote or discount to free up capital.
SKU-0068,Decor,Lighting,1623.62,2942.1,535.0,0.0,7.0,317.6,2026-08-16,94.85233511192985,15.808722518654974,56.96036848690635,141.39080424661023,False,1.0,0.0,33.842076699662286,3.0,1.0,0.0,791634.6258327842,868636.7,791634.6258327842,Markdown / clear,Promote or discount to free up capital.
SKU-0089,Furnishings,Tables,8087.75,13694.46,58.0,148.8,13.0,157.7,2026-08-16,514.9633465189285,85.8272244198214,198.89697553500125,777.0465876040726,False,1.8571428571428572,0.3527986583666184,0.6757762515573691,3.857142857142857,0.0,770091.3000539321,0.0,469089.5,770091.3000539321,Healthy,No action needed; leave as is.
SKU-0167,Small Appliances,Heaters,2076.64,3653.72,382.4,0.0,20.0,281.5,2026-08-16,32.85293383644892,5.475488972741487,11.158107924181841,45.11499200782913,False,2.857142857142857,0.0,69.8385115747094,4.857142857142858,1.0,0.0,738878.4131011382,794107.1359999999,738878.4131011382,Markdown / clear,Promote or discount to free up capital.
SKU-0106,Small Appliances,Fans,2607.39,4013.93,327.5,178.0,11.0,339.1,2026-08-16,75.0722475987839,12.512041266463983,40.356989104833055,93.26746776327442,False,1.5714285714285714,0.0,26.174785794368987,3.571428571428571,1.0,0.0,737406.7561508373,853920.225,737406.7561508373,Markdown / clear,Promote or discount to free up capital.
SKU-0036,Furnishings,Tables,7305.74,14275.94,117.7,0.0,14.0,93.1,2026-08-16,28.378158253146754,4.729693042191125,9.905284320178508,38.262461110708514,False,2.0,1.0278384052816985e-64,24.88533588756388,4.0,1.0,1.3880097175258094e-59,721669.9674157704,859885.598,721669.9674157704,Markdown / clear,Promote or discount to free up capital.
SKU-0190,Furnishings,Sofas,5019.11,7826.58,159.2,82.0,20.0,160.9,2026-08-16,32.186951133786046,5.364491855631008,14.161877712472654,41.24191294630642,False,2.857142857142857,4.736569565082618e-211,29.676622555198904,4.857142857142858,1.0,5.681938056308565e-206,668263.8633720643,799042.3119999999,668263.8633720643,Markdown / clear,Promote or discount to free up capital.
SKU-0042,Small Appliances,Kitchen Appliances,2107.18,3358.64,707.0,0.0,7.0,458.3,2026-08-16,819.2396052303005,136.5399342050501,766.8160499616014,989.1934200052345,False,1.0,1.154100038558023e-58,5.177972320817559,3.0,0.27224654010219485,5.292569877804178e-53,626633.6043254077,1489776.2599999998,626633.6043254077,Healthy,No action needed; leave as is.
SKU-0147,Decor,Lighting,1287.08,2186.37,512.5,0.0,14.0,352.4,2026-08-16,48.09069815401944,8.01511635900324,22.091442619538924,67.41161848288333,False,2.0,0.0,63.94167932750192,4.0,1.0,0.0,618364.1161466164,659628.5,618364.1161466164,Markdown / clear,Promote or discount to free up capital.
SKU-0074,Furnishings,Tables,3484.35,8244.8,190.2,0.0,13.0,138.2,2026-08-16,35.290833741591,5.8818056235985,18.699235921516674,43.46079917285116,False,1.8571428571428572,2.9269567146620893e-244,32.337008764263665,3.857142857142857,1.0,2.6360424855198318e-239,583674.045076599,662723.37,583674.045076599,Markdown / clear,Promote or discount to free up capital.
SKU-0052,Furnishings,Sofas,3810.94,7539.01,0.0,379.0,20.0,262.1,2026-08-16,510.80140514532934,85.13356752422156,6.725412815333991,907.0397812170756,False,2.857142857142857,0.28770202193267846,0.0,4.857142857142858,0.0,527582.0632710919,0.0,0.0,527582.0632710919,Healthy,No action needed; leave as is.
SKU-0081,Decor,Vases,1277.59,3163.49,405.3,0.0,18.0,328.7,2026-08-16,40.1377529008688,6.689625483478133,15.185590716108523,60.92994832786966,False,2.5714285714285716,2.948642746454603e-242,60.58635135868214,4.571428571428571,1.0,1.6045929985384686e-237,478737.06187343167,517807.22699999996,478737.06187343167,Markdown / clear,Promote or discount to free up capital.
SKU-0086,Furnishings,Storage,2357.84,5164.25,198.6,0.0,16.0,190.4,2026-08-16,27.937579473021383,4.656263245503564,15.809983082949703,42.77599711275499,False,2.2857142857142856,1.5737816438287075e-184,42.652227661694816,4.285714285714286,1.0,8.649902293687036e-180,421215.3508680937,468267.02400000003,421215.3508680937,Markdown / clear,Promote or discount to free up capital.
SKU-0023,Small Appliances,Fans,2459.8,4329.67,0.0,448.7,16.0,315.4,2026-08-16,769.2179934057536,128.20299890095893,4.652271366253841,1297.1302952635817,False,2.2857142857142856,0.30847925969946755,0.0,4.285714285714286,0.0,391382.0406479242,0.0,0.0,391382.0406479242,Healthy,No action needed; leave as is.
SKU-0080,Small Appliances,Fans,1918.5,4109.04,32.0,350.8,19.0,279.3,2026-08-16,640.2438520584487,106.70730867640812,205.9928983210894,1006.1886453974961,False,2.7142857142857144,0.32862917687543414,0.2998857378836214,4.714285714285714,0.0,391107.56413266313,0.0,61392.0,391107.56413266313,Healthy,No action needed; leave as is.
SKU-0037,Furnishings,Tables,3442.15,8534.06,299.2,0.0,7.0,209.1,2026-08-16,381.1032754999645,63.51721258332742,326.3251634966251,441.48903663890144,False,1.0,4.355807002734487e-38,4.7105341659551465,3.0,0.21381677074439331,2.3611074511809368e-32,373983.96011889854,1029891.28,373983.96011889854,Healthy,No action needed; leave as is.
SKU-0069,Furnishings,Sofas,9000.11,14698.09,0.0,152.4,21.0,104.0,2026-08-16,225.4709517715308,37.5784919619218,136.86607569384492,316.3256387189029,False,3.0,0.21151210349081545,0.0,5.0,0.0,350474.7455540568,0.0,0.0,350474.7455540568,Healthy,No action needed; leave as is.
SKU-0193,Furnishings,Chairs,3810.4,8239.89,82.0,272.9,20.0,249.9,2026-08-16,546.2368867731633,91.03948112886054,351.9163656299013,702.0027990490988,False,2.857142857142857,0.1572810157023291,0.9007081211714537,4.857142857142858,0.0,337100.54033224407,0.0,312452.8,337100.54033224407,Healthy,No action needed; leave as is.
SKU-0100,Small Appliances,Heaters,1598.31,3982.58,222.3,0.0,18.0,207.1,2026-08-16,28.314662026505495,4.719110337750916,14.89062458279012,42.60339583750794,False,2.5714285714285716,4.751194181695984e-194,47.10633659520369,4.571428571428571,1.0,2.296158617909292e-189,320823.8501706027,355304.313,320823.8501706027,Markdown / clear,Promote or discount to free up capital.
SKU-0164,Furnishings,Tables,4167.94,8179.73,209.5,0.0,10.0,160.1,2026-08-16,237.554904763884,39.592484127314,184.3428053374631,283.68088059570044,False,1.4285714285714286,3.0468481478157114e-16,5.291408322001964,3.428571428571429,0.23285461167881694,1.4096279091084243e-10,307403.6644219526,873183.4299999999,307403.66442195274,Healthy,No action needed; leave as is.
SKU-0154,Decor,Lighting,815.58,2024.52,368.4,0.0,11.0,249.7,2026-08-16,46.444649019305615,7.740774836550936,15.825690945635515,67.7124950290081,False,1.5714285714285714,1.9868438649519859e-259,47.59213486748935,3.571428571428571,1.0,4.89288367881094e-255,277912.4536385921,300459.672,277912.4536385921,Markdown / clear,Promote or discount to free up capital.
SKU-0177,Decor,Rugs,1151.49,2103.16,257.9,120.0,21.0,261.4,2026-08-16,30.076594009229257,5.012765668204876,10.081784842771514,43.3314092302267,False,3.0,0.0,51.44864473434615,5.0,1.0,0.0,268108.5233035938,296969.27099999995,268108.5233035938,Markdown / clear,Promote or discount to free up capital.
SKU-0187,Decor,Vases,1618.07,2840.65,188.0,0.0,13.0,152.7,2026-08-16,34.913340720897544,5.81889012014959,15.863888891333776,48.05524508295413,False,1.8571428571428572,3.51303341761912e-142,32.30856677444305,3.857142857142857,1.0,1.0784138993897483e-137,267880.72692983114,304197.16,267880.72692983114,Markdown / clear,Promote or discount to free up capital.
SKU-0071,Furnishings,Tables,3802.2,6454.44,0.0,93.9,19.0,90.0,2026-08-16,193.4100593242396,32.235009887373266,0.06590259570748283,357.538612901638,False,2.7142857142857144,0.47278066846742123,0.0,4.714285714285714,0.0,266994.08927821787,0.0,0.0,266994.08927821787,Healthy,No action needed; leave as is.
SKU-0195,Furnishings,Chairs,5394.09,12142.74,4.0,175.5,19.0,126.9,2026-08-16,259.6982947565525,43.28304912609209,120.29936306508486,382.0021676656775,False,2.7142857142857144,0.1832364441653731,0.09241493103563957,4.714285714285714,0.0,261397.81914161544,0.0,21576.36,261397.81914161544,Healthy,No action needed; leave as is.
SKU-0182,Small Appliances,Kitchen Appliances,1610.27,3326.06,182.0,78.0,20.0,197.2,2026-08-16,29.08354236058813,4.847257060098022,12.741386286546675,46.33462278362396,False,2.857142857142857,2.0397171962641995e-163,37.54700807972408,4.857142857142858,1.0,9.395676259926664e-159,255157.2329586318,293069.14,255157.2329586318,Markdown / clear,Promote or discount to free up capital.
SKU-0153,Furnishings,Sofas,5772.38,11591.87,69.4,121.0,20.0,171.7,2026-08-16,279.6504498629205,46.608408310486745,180.3166507400369,379.850539261288,False,2.857142857142857,0.14334182022294817,1.4890017169795782,4.857142857142858,0.0,221270.0554027327,0.0,400603.172,221270.0554027327,Healthy,No action needed; leave as is.
SKU-0028,Furnishings,Tables,3018.53,4903.02,83.7,0.0,15.0,69.1,2026-08-16,15.5605627947722,2.593427132462033,1.8670879550128447,27.028998480332007,False,2.142857142857143,8.848681196919308e-41,32.273896942128694,4.142857142857142,1.0,2.4110681297278258e-36,220219.27664823315,252650.96100000004,220219.27664823315,Markdown / clear,Promote or discount to free up capital.
SKU-0131,Furnishings,Storage,2428.66,5727.87,84.2,0.0,18.0,78.0,2026-08-16,12.94281888368746,2.1571364806145765,4.228660690764561,21.450879134555446,False,2.5714285714285716,8.256886956984428e-72,39.03322796525656,4.571428571428571,1.0,2.6233822759831495e-67,180543.68132567132,204493.172,180543.68132567132,Markdown / clear,Promote or discount to free up capital.
SKU-0146,Furnishings,Sofas,3174.1,5436.36,0.0,112.2,16.0,78.2,2026-08-16,226.4174085352583,37.73623475587638,19.823444613139717,359.8626874899268,False,2.2857142857142856,0.3756702377994323,0.0,4.285714285714286,0.0,176155.21536657173,0.0,0.0,176155.21536657173,Healthy,No action needed; leave as is.
SKU-0039,Furnishings,Sofas,4735.03,8827.08,225.3,0.0,10.0,181.1,2026-08-16,330.30690539740857,55.05115089956809,261.3435644315356,404.2568147673511,False,1.4285714285714286,3.512138937953611e-08,4.0925574909600595,3.428571428571429,0.08299825779857883,0.024381314319742692,173080.483992062,1066802.259,173080.50837337633,Healthy,No action needed; leave as is.
SKU-0128,Furnishings,Chairs,3453.48,5704.56,63.0,70.0,8.0,71.5,2026-08-16,25.22946003924934,4.2049100065415566,6.581066702039138,43.29160688869962,False,1.1428571428571428,8.982439334862904e-94,14.982484738553556,3.142857142857143,1.0,2.4624368266610604e-89,171930.01179905643,217569.24,171930.01179905643,Markdown / clear,Promote or discount to free up capital.
SKU-0112,Furnishings,Sofas,2282.33,3871.04,0.0,276.3,16.0,199.1,2026-08-16,453.99709338146204,75.66618223024368,44.46567862187216,682.9920207077869,False,2.2857142857142856,0.25074053009753094,0.0,4.285714285714286,0.0,167871.11046785483,0.0,0.0,167871.11046785483,Healthy,No action needed; leave as is.
SKU-0178,Small Appliances,Fans,1655.24,2553.9,112.9,0.0,8.0,91.7,2026-08-16,27.821935436501736,4.636989239416956,14.885027318840397,38.79658172048437,False,1.1428571428571428,3.242055875765775e-154,24.347695060468972,3.142857142857143,1.0,4.3878565267747276e-150,162754.13006994923,186876.59600000002,162754.13006994923,Markdown / clear,Promote or discount to free up capital.
SKU-0031,Small Appliances,Kitchen Appliances,745.28,1435.05,231.4,0.0,12.0,163.5,2026-08-16,34.38769993611234,5.73128332268539,15.595605976721899,45.95317399313384,False,1.7142857142857142,1.1181306474360561e-268,40.37490156595114,3.7142857142857144,1.0,1.5765025174169059e-264,156592.55175671354,172457.792,156592.55175671354,Markdown / clear,Promote or discount to free up capital.
SKU-0101,Small Appliances,Heaters,1658.79,2747.68,330.7,211.0,16.0,400.2,2026-08-16,345.961437346526,57.66023955775433,220.0611850105421,442.1855072784903,False,2.2857142857142856,9.037635561972575e-15,5.7353212982884045,4.285714285714286,0.18120087657176487,3.272799214526011e-09,138649.4439599687,548561.853,138649.44395997195,Healthy,No action needed; leave as is.
SKU-0075,Furnishings,Chairs,3427.42,6227.58,0.0,22.0,17.0,35.8,2026-08-16,84.02053693847257,14.003422823078763,5.3720358158906025,174.0210086965504,False,2.4285714285714284,0.6128930141286573,0.0,4.428571428571429,0.0,129804.29716878578,0.0,0.0,129804.29716878578,Reorder now,Raise a replenishment order before stock runs out.
SKU-0085,Furnishings,Chairs,5536.68,9943.32,176.2,0.0,14.0,164.0,2026-08-16,232.67194007650588,38.778656679417644,169.42033692415302,302.6862196452,False,2.0,0.000507812026936569,4.543736557370766,4.0,0.0679670696713458,391.61304947619925,116742.96454480762,975563.016,117134.57759428382,Healthy,No action needed; leave as is.
SKU-0105,Small Appliances,Heaters,2196.52,4619.85,196.1,0.0,14.0,166.0,2026-08-16,214.60263713317937,35.76710618886323,107.36249349370054,280.03465230080707,False,2.0,0.0006806707414810781,5.482691246099733,4.0,0.18533640576246657,224.94624997069633,116484.91565615253,430737.572,116709.86190612323,Healthy,No action needed; leave as is.
SKU-0046,Small Appliances,Air Purifiers,1630.56,3429.37,409.7,655.0,13.0,709.8,2026-08-16,1761.4648607792706,293.5774767965451,694.9551094423192,2249.9758071032484,False,1.8571428571428572,0.06188769313497007,1.3955430248619858,3.857142857142857,0.0,115714.2073718394,0.0,668040.4319999999,115714.2073718394,Healthy,No action needed; leave as is.
SKU-0111,Decor,Rugs,1285.03,1984.04,15.0,478.5,19.0,342.7,2026-08-16,746.4452281791753,124.40753802986255,408.2045739854591,1012.789318831313,False,2.7142857142857144,0.16299893447804703,0.12057147209519915,4.714285714285714,0.0,109203.72325641633,0.0,19275.45,109203.72325641633,Healthy,No action needed; leave as is.
SKU-0198,Small Appliances,Air Purifiers,959.92,1888.13,122.5,0.0,11.0,110.0,2026-08-16,21.78176518285594,3.6302941971426566,10.135384982222988,29.009084753243485,False,1.5714285714285714,3.2373554097989055e-211,33.74382167054606,3.571428571428571,1.0,3.487054538293507e-207,105144.5142652815,117590.2,105144.5142652815,Markdown / clear,Promote or discount to free up capital.
SKU-0186,Decor,Wall Art,1212.66,2159.05,87.8,0.0,19.0,68.1,2026-08-16,14.169928942464791,2.3616548237441317,2.064441727986107,26.103656942011042,False,2.7142857142857144,2.1734932956977357e-38,37.177321222922494,4.714285714285714,1.0,3.0081049745841834e-34,92970.37897535265,106471.54800000001,92970.37897535265,Markdown / clear,Promote or discount to free up capital.
SKU-0027,Decor,Lighting,915.82,1844.9,104.0,0.0,20.0,83.4,2026-08-16,13.470177637327808,2.2450296062213013,2.5666710255661838,19.90656901465478,False,2.857142857142857,2.4568944549923204e-97,46.32455612692188,4.857142857142858,1.0,2.9074573939946957e-93,85258.78536071912,95245.28,85258.78536071912,Markdown / clear,Promote or discount to free up capital.
SKU-0130,Decor,Lighting,802.5,1727.41,115.8,0.0,8.0,83.3,2026-08-16,25.067931824982598,4.1779886374971,10.834395414700287,39.57979872762272,False,1.1428571428571428,3.2400573683094727e-114,27.7166861969668,3.142857142857143,1.0,2.672436106769995e-110,82392.01580071267,92929.5,82392.01580071267,Markdown / clear,Promote or discount to free up capital.
SKU-0191,Small Appliances,Fans,1277.52,2938.17,66.0,66.6,21.0,112.8,2026-08-16,188.9493414978623,31.491556916310383,67.99080371670122,320.2003980058095,False,3.0,0.2918594094657412,2.095799841697147,5.0,0.0,81015.10636735085,0.0,84316.31999999999,81015.10636735085,Healthy,No action needed; leave as is.
SKU-0073,Small Appliances,Heaters,1771.02,4035.31,51.4,0.0,10.0,34.8,2026-08-16,10.592539444357834,1.7654232407263057,1.2466768051513593,22.70179314516241,False,1.4285714285714286,2.641755645420494e-33,29.11483139808091,3.428571428571429,1.0,2.688563803234155e-29,80310.65702471622,91030.428,80310.65702471622,Markdown / clear,Promote or discount to free up capital.
SKU-0038,Decor,rugs,1994.93,4065.21,48.0,99.1,12.0,90.5,2026-08-16,300.1886324481791,50.03143874136318,107.65949268769751,487.2847304222732,False,1.7142857142857142,0.21925123703847316,0.9593967554708015,3.7142857142857144,0.0,76445.37855293999,0.0,95756.64,76445.37855293999,Healthy,No action needed; leave as is.
SKU-0021,Small Appliances,Fans,2861.58,5355.76,0.0,65.0,16.0,47.0,2026-08-16,125.36847056195522,20.894745093659203,57.709511861614146,187.42045129500943,False,2.2857142857142856,0.2904814024100947,0.0,4.285714285714286,0.0,74301.65030868909,0.0,0.0,74301.65030868909,Healthy,No action needed; leave as is.
SKU-0040,Decor,vases,783.19,1363.21,107.1,0.0,17.0,100.3,2026-08-16,19.099572079252567,3.1832620132087612,5.27156136442658,32.60013306528887,False,2.4285714285714284,6.8029828666007924e-49,33.64473284184423,4.428571428571429,1.0,7.169442872073766e-45,72838.78210573227,83879.649,72838.78210573227,Markdown / clear,Promote or discount to free up capital.
SKU-0138,Decor,Vases,831.88,1561.05,83.3,108.0,17.0,176.9,2026-08-16,383.7091813569943,63.951530226165715,228.4646623967343,504.19025954900354,False,2.4285714285714284,0.2994898238296406,1.3025489727205601,4.428571428571429,0.0,72610.71378846937,0.0,69295.60399999999,72610.71378846937,Healthy,No action needed; leave as is.
SKU-0180,Small Appliances,Fans,1421.65,2324.82,118.4,0.0,13.0,104.3,2026-08-16,246.91022180381822,41.1517036339697,12.889732033565211,770.3561578177805,False,1.8571428571428572,0.3992420265602878,2.877159134239676,3.857142857142857,0.0,70934.69668591447,0.0,168323.36000000002,70934.69668591447,Healthy,No action needed; leave as is.
SKU-0094,Decor,Rugs,2043.35,3226.98,0.0,92.3,20.0,66.3,2026-08-16,143.82635853058184,23.971059755096974,42.60415448650677,228.4393671092817,False,2.857142857142857,0.3170608010765842,0.0,4.857142857142858,0.0,70074.17872543562,0.0,0.0,70074.17872543562,Healthy,No action needed; leave as is.
SKU-0012,Small Appliances,Air Purifiers,3796.02,6086.48,0.0,0.0,10.0,22.8,2026-08-16,65.52827282382597,10.921378803970995,3.2754968661746195,156.134516066333,False,1.4285714285714286,0.7040764775970618,0.0,3.428571428571429,0.0,66859.86036439535,0.0,0.0,66859.86036439535,Reorder now,Raise a replenishment order before stock runs out.
SKU-0123,Furnishings,Chairs,2935.64,4548.14,79.0,262.3,20.0,251.9,2026-08-16,413.1083898908471,68.85139831514118,215.27710105156862,587.3744735977593,False,2.857142857142857,0.07447158749163978,1.1473986285421167,4.857142857142858,0.0,66629.89927995995,0.0,231915.56,66629.89927995995,Healthy,No action needed; leave as is.
SKU-0158,Decor,Lighting,1044.25,1645.83,52.1,128.0,14.0,160.6,2026-08-16,426.5639056294774,71.09398427157957,286.46630621962015,566.9589871636663,False,2.0,0.2742312983757688,0.7328327499690775,4.0,0.0,64174.84725313918,0.0,54405.425,64174.84725313918,Healthy,No action needed; leave as is.
SKU-0136,Furnishings,Chairs,5573.96,9863.14,4.0,120.1,17.0,80.3,2026-08-16,146.23418460950447,24.37236410158408,23.54897648364877,236.65768437298462,False,2.4285714285714284,0.10988562605131136,0.16412031197827134,4.428571428571429,0.0,64151.17617539986,0.0,22295.84,64151.17617539986,Healthy,No action needed; leave as is.
SKU-0029,Furnishings,Chairs,4794.19,10624.93,42.0,37.2,12.0,65.2,2026-08-16,162.44071414277192,27.073452357128655,98.77944687203107,237.89002261179704,False,1.7142857142857142,0.12918454632523307,1.5513352137722867,3.7142857142857144,0.0,63703.52840014625,0.0,201355.97999999998,63703.52840014625,Healthy,No action needed; leave as is.
SKU-0019,Small Appliances,Heaters,1878.6,4427.14,43.1,22.0,19.0,44.3,2026-08-16,11.863002776977387,1.9771671294962312,1.942020543473315,22.438560739772704,False,2.7142857142857144,5.849131749149112e-29,21.798865334657666,4.714285714285714,1.0,1.3896761443438059e-24,63457.35948677665,80967.66,63457.35948677665,Markdown / clear,Promote or discount to free up capital.
SKU-0188,Furnishings,Sofas,4797.96,7813.97,38.0,31.8,14.0,51.0,2026-08-16,124.80573355938346,20.800955593230576,44.427119335718245,189.78242283021893,False,2.0,0.1945487211149251,1.8268391483113713,4.0,0.0,63243.13678733233,0.0,182322.48,63243.13678733233,Healthy,No action needed; leave as is.
SKU-0064,Small Appliances,Heaters,465.3,1133.79,148.1,66.0,18.0,155.0,2026-08-16,20.08449790740411,3.347416317900685,7.846958853679115,39.38511132436303,False,2.5714285714285716,7.41024961870411e-144,44.24307762617354,4.571428571428571,1.0,7.231854067579313e-140,61790.68857042657,68910.93,61790.68857042657,Markdown / clear,Promote or discount to free up capital.
SKU-0079,Decor,Vases,960.41,2044.18,73.1,0.0,10.0,56.3,2026-08-16,16.438299180016507,2.739716530002751,3.831999945227822,24.81972020357416,False,1.4285714285714286,1.7650975938370212e-67,26.681592493047663,3.428571428571429,1.0,1.4121975308989098e-63,61184.538476868765,70205.97099999999,61184.538476868765,Markdown / clear,Promote or discount to free up capital.
SKU-0050,Furnishings,Chairs,7376.3,11763.13,2.4,90.0,19.0,65.2,2026-08-16,131.140172730479,21.856695455079834,82.17513745564399,172.25404484162888,False,2.7142857142857144,0.08086533680107444,0.10980616923233026,4.714285714285714,0.0,56431.989077579456,0.0,17703.12,56431.989077579456,Healthy,No action needed; leave as is.
SKU-0007,Small Appliances,Heaters,1415.7,3466.1,135.9,64.0,21.0,141.2,2026-08-16,115.87519712484838,19.3125328541414,60.69732836472035,154.80648462224877,False,3.0,2.2740221831626177e-08,7.036881232844478,5.0,0.25461015410555976,0.004566634733652841,55689.86619196012,192393.63,55689.87075859486,Healthy,No action needed; leave as is.
SKU-0142,Decor,Vases,968.53,1547.77,0.0,0.0,9.0,52.8,2026-08-16,204.9755034659901,34.16258391099835,68.70875083033698,346.5593483886548,False,1.2857142857142858,0.8093016707040483,0.0,3.2857142857142856,0.0,55018.917628766685,0.0,0.0,55018.917628766685,Reorder now,Raise a replenishment order before stock runs out.
SKU-0150,Furnishings,Chairs,4131.91,8009.79,64.2,138.0,13.0,137.9,2026-08-16,405.4056852448995,67.56761420748325,291.538909482512,509.326220474381,False,1.8571428571428572,0.05230364536643793,0.950159344132795,3.857142857142857,0.0,52569.879946260764,0.0,265268.622,52569.879946260764,Healthy,No action needed; leave as is.
SKU-0108,Furnishings,Tables,3476.32,5943.32,0.0,112.1,8.0,65.8,2026-08-16,275.4264360489335,45.90440600815558,26.762536155134406,377.4146772601545,False,1.1428571428571428,0.15892969693838388,0.0,3.142857142857143,0.0,49554.2021867973,0.0,0.0,49554.2021867973,Healthy,No action needed; leave as is.
SKU-0114,Decor,Vases,772.2,1316.78,3.4,120.0,16.0,109.7,2026-08-16,268.59343991308964,44.765573318848276,153.9689184791942,402.9720899608844,False,2.2857142857142856,0.36258825612143086,0.07595122206484621,4.285714285714286,0.0,48853.203655487145,0.0,2625.48,48853.203655487145,Healthy,No action needed; leave as is.
SKU-0116,Small Appliances,Heaters,2226.38,3736.1,14.2,20.0,17.0,33.4,2026-08-16,75.62695527366355,12.604492545610592,35.57543581901196,106.2728470445548,False,2.4285714285714284,0.4189684902234938,1.1265824426184479,4.428571428571429,0.0,47915.508440143545,0.0,31614.596,47915.508440143545,Healthy,No action needed; leave as is.
SKU-0174,Small Appliances,Fans,1443.28,2450.61,121.1,499.0,11.0,379.8,2026-08-16,1254.2692599578422,209.04487665964038,844.4661830465684,1775.3228991091694,False,1.5714285714285714,0.058326541655802894,0.5793014492154754,3.571428571428571,0.0,46954.21685145968,0.0,174781.20799999998,46954.21685145968,Healthy,No action needed; leave as is.
SKU-0171,Decor,Rugs,1053.63,2595.35,0.0,152.2,16.0,108.9,2026-08-16,222.1617566250073,37.02695943750122,76.10008175084832,413.5043769802081,False,2.2857142857142856,0.20280852885753448,0.0,4.285714285714286,0.0,44547.37740429463,0.0,0.0,44547.37740429463,Healthy,No action needed; leave as is.
SKU-0026,Furnishings,Storage,3104.93,6658.99,0.0,28.0,12.0,24.9,2026-08-16,65.53316393677669,10.922193989462782,0.7899851835454987,117.61845511044416,False,1.7142857142857142,0.35169443408496887,0.0,3.7142857142857144,0.0,43849.732641358925,0.0,0.0,43849.732641358925,Healthy,No action needed; leave as is.
SKU-0082,Decor,Vases,960.61,1551.8,50.9,19.6,21.0,52.5,2026-08-16,6.946938670780383,1.1578231117967304,0.08296861139673072,18.16189279683646,False,3.0,1.782653955531774e-41,43.961810298476834,5.0,1.0,9.608736056665323e-38,43333.96670288471,48895.049,43333.96670288471,Markdown / clear,Promote or discount to free up capital.
SKU-0113,Decor,Lighting,813.71,1863.49,59.2,105.0,9.0,149.5,2026-08-16,543.8139873957666,90.63566456596111,363.58376872835197,673.0466437365933,False,1.2857142857142858,0.19685189449615687,0.6531645162365036,3.2857142857142856,0.0,42747.45445078222,0.0,48171.632000000005,42747.45445078222,Healthy,No action needed; leave as is.
SKU-0155,Furnishings,Chairs,4179.9,9956.1,200.0,0.0,7.0,150.2,2026-08-16,673.8965022275984,112.31608370459973,509.17977693966367,817.7748146361491,False,1.0,0.03721374491319446,1.780688868443953,3.0,0.0,41613.53196462877,0.0,835979.9999999999,41613.53196462877,Healthy,No action needed; leave as is.
SKU-0087,Small Appliances,Fans,2059.39,3482.42,24.7,12.0,18.0,25.6,2026-08-16,5.959051311702109,0.9931752186170182,0.791374606498666,10.500137359184508,False,2.5714285714285716,1.918873282328645e-43,24.86973047353556,4.571428571428571,1.0,1.706584449681573e-39,41516.82962414765,50866.933,41516.82962414765,Markdown / clear,Promote or discount to free up capital.
SKU-0049,Decor,Lighting,1024.23,2065.3,44.4,0.0,10.0,35.9,2026-08-16,6.9698681248857035,1.1616446874809505,0.015985331323488387,16.539722834867984,False,1.4285714285714286,2.376198001064311e-42,38.221670084234,3.428571428571429,1.0,8.144061448565389e-39,41396.52741168475,45475.812,41396.52741168475,Markdown / clear,Promote or discount to free up capital.
SKU-0156,Decor,Vases,751.12,1519.49,63.9,46.0,7.0,64.7,2026-08-16,18.35950598119291,3.059917663532152,3.6847762268806163,32.32793723486825,False,1.0,1.3632408837467826e-121,20.882914844917224,3.0,1.0,6.338407970456949e-118,41101.47193370319,47996.568,41101.47193370319,Markdown / clear,Promote or discount to free up capital.
SKU-0030,Decor,lighting,705.83,1423.17,0.0,0.0,16.0,34.1,2026-08-16,93.4026888937672,15.567114815627868,0.2938224247862488,185.8739525431664,False,2.2857142857142856,0.7870546580362057,0.0,4.285714285714286,0.0,39855.819664303475,0.0,0.0,39855.819664303475,Reorder now,Raise a replenishment order before stock runs out.
SKU-0047,Decor,Rugs,1423.72,2890.82,32.8,69.0,20.0,78.9,2026-08-16,134.80161897762437,22.46693649627073,41.0215678063255,217.53242416179833,False,2.857142857142857,0.21434807307278475,1.4599231188214934,4.857142857142858,0.0,39775.57327988477,0.0,46698.015999999996,39775.57327988477,Healthy,No action needed; leave as is.
SKU-0120,Decor,Vases,740.47,1140.95,0.0,140.5,16.0,97.3,2026-08-16,266.941122243301,44.49018704055016,67.78981236679344,440.3964981341934,False,2.2857142857142856,0.33267698968021203,0.0,4.285714285714286,0.0,38598.95525182719,0.0,0.0,38598.95525182719,Healthy,No action needed; leave as is.
SKU-0076,Decor,Rugs,1485.16,2466.63,0.0,46.8,21.0,33.9,2026-08-16,74.6830173776424,12.4471695629404,0.0,166.256416696546,False,3.0,0.41830764820511773,0.0,5.0,0.0,38529.34933537609,0.0,0.0,38529.34933537609,Healthy,No action needed; leave as is.
SKU-0041,Decor,Lighting,344.99,801.92,116.9,0.0,8.0,67.0,2026-08-16,15.478765628105236,2.5797942713508726,4.898945720063926,27.674950350680934,False,1.1428571428571428,4.4465320616789643e-190,45.31369082341089,3.142857142857143,1.0,1.0513068499340443e-186,37532.17800502665,40329.331000000006,37532.17800502665,Markdown / clear,Promote or discount to free up capital.
SKU-0057,Decor,Wall Art,653.69,1285.38,160.1,0.0,14.0,115.1,2026-08-16,290.6854924242252,48.44758207070419,0.0,515.8375724171867,False,2.0,0.2932286845805143,3.3046024828721223,4.0,0.0,36520.784085345585,0.0,104655.769,36520.784085345585,Healthy,No action needed; leave as is.
SKU-0077,Decor,Lighting,961.94,1922.41,40.0,47.9,11.0,77.3,2026-08-16,249.35611118637672,41.55935186439612,135.78907238074908,326.2714294546319,False,1.5714285714285714,0.27624102186818933,0.9624789176336502,3.571428571428571,0.0,34681.47820812458,0.0,38477.600000000006,34681.47820812458,Healthy,No action needed; leave as is.
SKU-0065,Decor,Rugs,1003.28,2118.2,6.0,138.5,10.0,88.6,2026-08-16,297.2410513998884,49.540175233314734,0.8807361745954163,509.1355896069608,False,1.4285714285714286,0.22302739549139056,0.12111382270535703,3.428571428571429,0.0,33433.717986036136,0.0,6019.68,33433.717986036136,Healthy,No action needed; leave as is.
SKU-0143,Small Appliances,Fans,1627.34,2773.79,24.3,0.0,13.0,23.9,2026-08-16,6.864111485564086,1.1440185809273478,0.0,17.399136003406692,False,1.8571428571428572,2.1540594219925443e-09,21.24091374486443,3.857142857142857,1.0,1.2694326032483987e-05,32363.491381124233,39544.362,32363.49139381856,Markdown / clear,Promote or discount to free up capital.
SKU-0132,Small Appliances,Heaters,2447.62,5273.9,43.4,88.0,10.0,78.2,2026-08-16,291.78213112059746,48.630355186766245,146.8222769393493,387.1903030857904,False,1.4285714285714286,0.08796803145054649,0.8924466998713269,3.428571428571429,0.0,32230.434904743877,0.0,106226.708,32230.434904743877,Healthy,No action needed; leave as is.
SKU-0078,Decor,Wall Art,778.21,1923.66,337.0,532.8,11.0,555.5,2026-08-16,1614.4730271525132,269.0788378587522,936.4891572892109,2193.934122257908,False,1.5714285714285714,0.03751375646805899,1.2524210476072508,3.571428571428571,0.0,30513.572519587706,0.0,262256.77,30513.572519587706,Healthy,No action needed; leave as is.
SKU-0062,Decor,Lighting,923.4,1615.67,93.4,270.0,12.0,331.6,2026-08-16,847.6580938932648,141.2763489822108,580.4414157607375,987.1987885829295,False,1.7142857142857142,0.07650477649500025,0.6611156125768844,3.7142857142857144,0.0,29936.007614730115,0.0,86245.56,29936.007614730115,Healthy,No action needed; leave as is.
SKU-0159,Small Appliances,Fans,1701.24,3083.26,0.0,342.8,16.0,253.5,2026-08-16,608.156626868836,101.35943781147267,491.99992453209643,754.4485071958743,False,2.2857142857142856,0.039345761841708245,0.0,4.285714285714286,0.0,28105.689452072813,0.0,0.0,28105.689452072813,Healthy,No action needed; leave as is.
SKU-0045,Small Appliances,Air Purifiers,833.64,1904.82,38.0,0.0,11.0,31.6,2026-08-16,9.133357204512714,1.522226200752119,0.8345095266577315,18.536404100878052,False,1.5714285714285714,3.56916358765106e-24,24.96343840437415,3.571428571428571,1.0,1.6262759293403707e-20,27146.2176785893,31678.32,27146.2176785893,Markdown / clear,Promote or discount to free up capital.
SKU-0083,Small Appliances,Air Purifiers,2269.92,4252.73,88.4,108.0,17.0,183.8,2026-08-16,325.1810850583526,54.19684750972544,264.703273759749,421.9006269944022,False,2.4285714285714284,0.048432558692000714,1.6310911807949149,4.428571428571429,0.0,27110.03829835913,0.0,200660.928,27110.03829835913,Healthy,No action needed; leave as is.
SKU-0009,Furnishings,Chairs,4001.2,6760.62,21.2,9.0,14.0,21.3,2026-08-16,50.57092504801298,8.428487508002164,3.1124306152094166,86.07265786163973,False,2.0,0.2375987082882463,2.515279281113287,4.0,0.0,27077.604729884566,0.0,84825.43999999999,27077.604729884566,Healthy,No action needed; leave as is.
SKU-0152,Small Appliances,Fans,1254.97,2139.02,7.0,64.4,18.0,52.1,2026-08-16,108.05863572999837,18.009772621666396,12.37764738117082,162.3253808122987,False,2.5714285714285716,0.25619710425257924,0.388677866569995,4.571428571428571,0.0,25378.839361088103,0.0,8784.79,25378.839361088103,Healthy,No action needed; leave as is.
SKU-0133,Decor,Vases,1423.61,3325.36,11.0,13.9,14.0,16.5,2026-08-16,57.16818359784275,9.528030599640458,0.0690734679855477,101.30242819813984,False,2.0,0.39886494204533607,1.1544883158136674,4.0,0.0,25275.378816104847,0.0,15659.71,25275.378816104847,Healthy,No action needed; leave as is.
SKU-0032,Small Appliances,Heaters,648.44,1554.29,57.0,78.3,13.0,83.9,2026-08-16,284.38086338597475,47.39681056432912,132.4198946941462,360.86616107025804,False,1.8571428571428572,0.17017738002397093,1.2026125665700014,3.857142857142857,0.0,23282.430559509423,0.0,36961.08,23282.430559509423,Healthy,No action needed; leave as is.
SKU-0166,Decor,Rugs,1129.91,1801.89,0.0,61.7,15.0,43.4,2026-08-16,107.76434261491373,17.96072376915229,0.025169680634469165,222.04422651814966,False,2.142857142857143,0.32692036452259876,0.0,4.142857142857142,0.0,22671.867886897206,0.0,0.0,22671.867886897206,Healthy,No action needed; leave as is.
SKU-0025,Small Appliances,Fans,2868.34,5891.6,45.0,26.0,13.0,56.7,2026-08-16,110.09732491760536,18.34955415293423,29.798659024045676,165.664774797913,False,1.8571428571428572,0.10528061944912681,2.452375661280259,3.857142857142857,0.0,21137.446132845405,0.0,129075.3,21137.446132845405,Healthy,No action needed; leave as is.
SKU-0033,Decor,Lighting,1116.7,2047.69,6.0,0.0,11.0,14.6,2026-08-16,49.14570532349939,8.1909508872499,21.59779542650802,67.5088806189135,False,1.5714285714285714,0.7732598946980467,0.7325156850030256,3.571428571428571,0.0,20380.679639580183,0.0,6700.200000000001,20380.679639580183,Reorder now,Raise a replenishment order before stock runs out.
SKU-0067,Decor,Rugs,1626.69,3183.29,0.0,139.0,8.0,87.3,2026-08-16,345.58165669138793,57.59694278189799,158.12949781967106,481.06971556071153,False,1.1428571428571428,0.09163271316902233,0.0,3.142857142857143,0.0,19200.74720088336,0.0,0.0,19200.74720088336,Healthy,No action needed; leave as is.
SKU-0058,Decor,Lighting,1013.03,2235.57,59.0,199.6,20.0,190.3,2026-08-16,338.1156159015828,56.352602650263805,221.090439986207,445.3332990971494,False,2.857142857142857,0.05298728174924412,1.046979149590774,4.857142857142858,0.0,19072.422032694263,0.0,59768.77,19072.422032694263,Healthy,No action needed; leave as is.
SKU-0141,Decor,Wall Art,502.36,1220.06,301.4,917.2,21.0,840.3,2026-08-16,1161.6822751126842,193.61371251878072,588.986099655124,1787.4229447151852,True,3.0,0.026863607545153108,1.556707921556764,5.0,0.0,19037.19201508244,0.0,151411.304,19037.19201508244,Healthy,No action needed; leave as is.
SKU-0097,Decor,lighting,1102.95,2130.83,21.2,0.0,14.0,29.0,2026-08-16,55.758876939654385,9.293146156609064,0.0,104.95362956559056,False,2.0,0.45598216532807406,2.281251111597235,4.0,0.0,18058.822209461658,0.0,23382.54,18058.822209461658,Healthy,No action needed; leave as is.
SKU-0091,Furnishings,Tables,3619.85,5756.79,38.0,35.0,7.0,39.8,2026-08-16,160.28312678093874,26.713854463489792,2.8878169612043973,246.04375871205727,False,1.0,0.1160132291286522,1.4224828562997207,3.0,0.0,17841.21628292081,0.0,137554.3,17841.21628292081,Healthy,No action needed; leave as is.
SKU-0003,Small Appliances,Air Purifiers,1253.37,2088.75,75.0,0.0,19.0,79.3,2026-08-16,92.99880511444327,15.499800852407212,21.11112496109549,151.50540726196914,False,2.7142857142857144,0.16792647358729496,4.838771847081638,4.714285714285714,0.015560766599490461,14756.634142659277,2418.3902836294624,94002.74999999999,17175.02442628874,Healthy,No action needed; leave as is.
SKU-0070,Decor,Vases,600.39,1040.57,23.0,84.4,21.0,75.3,2026-08-16,122.54441657545554,20.42406942924259,0.0,266.23381363667755,False,3.0,0.26498430318892674,1.126122297991666,5.0,0.0,16894.87497353738,0.0,13808.97,16894.87497353738,Healthy,No action needed; leave as is.
SKU-0144,Decor,Rugs,766.68,1331.06,10.1,46.0,13.0,35.4,2026-08-16,123.42320888173892,20.57053481362315,25.25861112790391,192.68491621916783,False,1.8571428571428572,0.31118303935033265,0.49099355420312746,3.857142857142857,0.0,15823.569037050516,0.0,7743.467999999999,15823.569037050516,Healthy,No action needed; leave as is.
SKU-0103,Furnishings,Storage,4071.5,6364.4,0.0,14.0,9.0,11.1,2026-08-16,41.268562743491266,6.878093790581878,20.723628016459802,59.90916979949678,False,1.2857142857142858,0.23309967751572347,0.0,3.2857142857142856,0.0,13119.331404116263,0.0,0.0,13119.331404116263,Healthy,No action needed; leave as is.
SKU-0163,Furnishings,Chairs,4123.18,7178.49,233.2,141.0,21.0,322.5,2026-08-16,434.44221166564955,72.40703527760826,299.2055753307483,534.5836471251833,False,3.0,0.007813017188342413,3.2206815139704617,5.0,0.0,12182.990336963265,0.0,961525.576,12182.990336963265,Healthy,No action needed; leave as is.
SKU-0107,Decor,Wall Art,882.21,1672.04,14.0,42.0,11.0,37.6,2026-08-16,135.9475450173582,22.657924169559703,83.03393870550381,204.98654789244296,False,1.5714285714285714,0.20112761362658543,0.6178853762256216,3.571428571428571,0.0,11973.831096528098,0.0,12350.94,11973.831096528098,Healthy,No action needed; leave as is.
SKU-0183,Decor,Lighting,836.46,1633.85,58.9,75.0,7.0,81.0,2026-08-16,340.79272327398576,56.79878721233096,56.594060551812646,484.12521958401635,False,1.0,0.12875961666699415,1.036993972772941,3.0,0.0,11948.98236359829,0.0,49267.494,11948.98236359829,Healthy,No action needed; leave as is.
SKU-0134,Decor,Rugs,1328.08,2424.77,2.0,60.0,17.0,41.9,2026-08-16,92.04669741876548,15.341116236460913,52.218412559407824,140.63414869511882,False,2.4285714285714284,0.1297716168970922,0.13036861002634487,4.428571428571429,0.0,11723.522136807906,0.0,2656.16,11723.522136807906,Healthy,No action needed; leave as is.
SKU-0093,Decor,Wall Art,542.09,982.21,60.0,215.3,11.0,188.1,2026-08-16,708.1694210224078,118.02823683706798,600.1454196804982,885.940462074472,False,1.5714285714285714,0.057719199685735384,0.5083529298402294,3.571428571428571,0.0,10514.901693861464,0.0,32525.4,10514.901693861464,Healthy,No action needed; leave as is.
SKU-0048,Decor,Vases,768.12,1319.09,33.5,358.0,14.0,280.7,2026-08-16,716.3905633273931,119.39842722123218,497.12366874930933,861.3154347034961,False,2.0,0.03133742262243575,0.28057321004679714,4.0,0.0,9871.117109181549,0.0,25732.02,9871.117109181549,Healthy,No action needed; leave as is.
SKU-0013,Decor,Rugs,1886.91,3296.4,65.0,60.3,14.0,79.7,2026-08-16,184.03944605182494,30.67324100863749,101.30195043835414,268.8881423940572,False,2.0,0.04511191914596512,2.119110920873872,4.0,0.0,9122.647023822,0.0,122649.15000000001,9122.647023822,Healthy,No action needed; leave as is.
SKU-0044,Decor,Rugs,1063.83,1640.08,0.0,52.0,9.0,31.8,2026-08-16,125.57926830714378,20.92987805119063,38.37369455428971,208.192342476892,False,1.2857142857142858,0.20665139492162027,0.0,3.2857142857142856,0.0,9120.413759889881,0.0,0.0,9120.413759889881,Healthy,No action needed; leave as is.
SKU-0011,Decor,Wall Art,522.01,972.95,6.3,55.0,18.0,43.9,2026-08-16,102.91843466305991,17.153072443843318,66.02005849399711,134.73496474793063,False,2.5714285714285716,0.16364176544549086,0.3672811399022123,4.571428571428571,0.0,7022.650667191386,0.0,3288.663,7022.650667191386,Healthy,No action needed; leave as is.
SKU-0102,Decor,Rugs,809.52,1551.34,0.0,34.4,9.0,22.9,2026-08-16,92.1623642259835,15.360394037663916,37.34763920199757,144.21448426744857,False,1.2857142857142858,0.22389173798526796,0.0,3.2857142857142856,0.0,6859.490900442851,0.0,0.0,6859.490900442851,Healthy,No action needed; leave as is.
SKU-0084,Furnishings,Sofas,6786.94,13278.19,18.7,91.0,7.0,56.4,2026-08-16,260.6848200483605,43.44747000806009,178.90778893857086,361.18248608684274,False,1.0,0.011241791288489454,0.43040480830140165,3.0,0.0,6485.431683546285,0.0,126915.77799999999,6485.431683546285,Healthy,No action needed; leave as is.
SKU-0098,Furnishings,Tables,3903.98,6620.76,22.0,22.5,13.0,29.2,2026-08-16,69.71146376766242,11.618577294610404,38.739255630568636,99.74391115944803,False,1.8571428571428572,0.041711633319216124,1.8935192702298675,3.857142857142857,0.0,5958.861687435609,0.0,85887.56,5958.861687435609,Healthy,No action needed; leave as is.
SKU-0145,Decor,Wall Art,1022.77,1709.47,244.7,238.0,10.0,269.3,2026-08-16,950.7533175381201,158.45888625635334,698.2259235138265,1317.4567207240173,False,1.4285714285714286,0.014834761907935763,1.5442491474042457,3.428571428571429,0.0,5740.644103220211,0.0,250271.819,5740.644103220211,Healthy,No action needed; leave as is.
SKU-0063,Decor,Rugs,594.05,1066.64,4.4,74.0,10.0,44.4,2026-08-16,127.22483445731945,21.204139076219906,0.0,270.6890068210857,False,1.4285714285714286,0.1752571597963004,0.20750665632704363,3.428571428571429,0.0,5662.604626277013,0.0,2613.82,5662.604626277013,Healthy,No action needed; leave as is.
SKU-0160,Small Appliances,Fans,2284.64,4710.47,46.0,42.0,13.0,55.2,2026-08-16,133.29824328778886,22.216373881298143,64.69989841329287,177.51208663964124,False,1.8571428571428572,0.028139071150102637,2.0705449163656287,3.857142857142857,0.0,5468.8056242579605,0.0,105093.43999999999,5468.8056242579605,Healthy,No action needed; leave as is.
SKU-0014,Small Appliances,Heaters,1715.69,2805.26,27.3,30.0,11.0,35.0,2026-08-16,110.4841230985205,18.414020516420084,57.49708118150551,152.1374798838336,False,1.5714285714285714,0.06667056162686158,1.48256595976181,3.571428571428571,0.0,5411.909189403636,0.0,46838.337,5411.909189403636,Healthy,No action needed; leave as is.
SKU-0020,Decor,Lighting,834.64,1833.36,0.0,47.6,16.0,33.7,2026-08-16,77.23847086324713,12.873078477207855,46.54098644531201,104.1489158044377,False,2.2857142857142856,0.09505321866291816,0.0,4.285714285714286,0.0,5127.656669468693,0.0,0.0,5127.656669468693,Healthy,No action needed; leave as is.
SKU-0006,Small Appliances,Air Purifiers,1512.57,2958.85,15.0,15.0,12.0,24.5,2026-08-16,52.996408591400694,8.832734765233448,26.800156772864696,85.3859516413657,False,1.7142857142857142,0.11196264604722855,1.6982282836162523,3.7142857142857144,0.0,5016.196006956209,0.0,22688.55,5016.196006956209,Healthy,No action needed; leave as is.
SKU-0200,Decor,Lighting,584.58,1269.39,55.8,152.0,10.0,129.0,2026-08-16,288.19492680420734,48.032487800701226,20.91845685897477,483.30439309848714,False,1.4285714285714286,0.05691645284215026,1.1617137182551966,3.428571428571429,0.0,4957.582383359085,0.0,32619.564000000002,4957.582383359085,Healthy,No action needed; leave as is.
SKU-0170,Small Appliances,Air Purifiers,630.07,1530.15,40.0,0.0,7.0,38.0,2026-08-16,138.32350375093972,23.053917291823286,101.7994995679557,196.17867456112134,False,1.0,0.12980138161525406,1.7350630477965285,3.0,0.0,4578.86724821478,0.0,25202.800000000003,4578.86724821478,Healthy,No action needed; leave as is.
SKU-0124,Decor,Vases,907.43,1824.68,50.5,47.0,11.0,60.5,2026-08-16,76.79108483626912,12.798514139378186,39.05946934433641,106.4838293395685,False,1.5714285714285714,4.497238363512891e-09,3.9457705363330193,3.571428571428571,0.04679274561305602,0.00016503908846858924,4347.516123228759,45825.215,4347.516288267848,Healthy,No action needed; leave as is.
SKU-0095,Decor,Rugs,1080.57,1915.3,24.2,89.0,16.0,76.3,2026-08-16,153.64306384853631,25.607177308089387,83.70993596701103,211.51070029591412,False,2.2857142857142856,0.037827941930837834,0.9450475430712602,4.285714285714286,0.0,4240.657264256121,0.0,26149.793999999998,4240.657264256121,Healthy,No action needed; leave as is.
SKU-0151,Small Appliances,Fans,1982.24,3743.66,1.0,14.1,12.0,13.0,2026-08-16,29.608633309920968,4.934772218320162,10.65285896337881,37.91493562561222,False,1.7142857142857142,0.1213988492095534,0.2026435984800953,3.7142857142857144,0.0,3844.6896288339112,0.0,1982.24,3844.6896288339112,Healthy,No action needed; leave as is.
SKU-0165,Decor,Lighting,1172.5,2401.52,61.7,45.0,15.0,69.0,2026-08-16,84.74525906377906,14.124209843963177,55.12406314764836,120.70021947973345,False,2.142857142857143,2.878313462314744e-07,4.3683859615248615,4.142857142857142,0.02819110233346489,0.02092096327399816,3734.9006829488794,72343.25,3734.9216039121534,Healthy,No action needed; leave as is.
SKU-0072,Decor,Lighting,756.54,1647.25,0.0,303.6,15.0,191.5,2026-08-16,464.2726249250721,77.37877082084535,336.6265710024054,603.6330722570281,False,2.142857142857143,0.013436398548938643,0.0,4.142857142857142,0.0,3669.927114748369,0.0,0.0,3669.927114748369,Healthy,No action needed; leave as is.
SKU-0010,Decor,Vases,2134.18,3902.63,48.7,33.0,13.0,49.5,2026-08-16,120.67395656075168,20.112326093458613,61.36679459501611,164.2043447833818,False,1.8571428571428572,0.02347002805104622,2.4214006760679623,3.857142857142857,0.0,3421.2010885333784,0.0,103934.56599999999,3421.2010885333784,Healthy,No action needed; leave as is.
SKU-0109,Furnishings,Storage,3648.76,6153.71,31.5,75.0,19.0,75.7,2026-08-16,118.77211696213256,19.795352827022093,72.79299330431154,159.26920410210644,False,2.7142857142857144,0.01002227178741263,1.5912825740089975,4.714285714285714,0.0,3313.767311643266,0.0,114935.94,3313.767311643266,Healthy,No action needed; leave as is.
SKU-0122,Decor,Wall Art,1088.19,1707.31,193.6,82.0,18.0,235.0,2026-08-16,250.12481286597136,41.68746881099523,199.94815017368396,291.5192922020969,False,2.5714285714285716,2.9992043953546954e-13,4.6440814355449005,4.571428571428571,0.009081608014541165,5.489065831208925e-08,3295.816295145628,210673.584,3295.8162952005187,Healthy,No action needed; leave as is.
SKU-0118,Small Appliances,Heaters,2682.72,5764.89,25.4,85.0,7.0,63.0,2026-08-16,252.10858152333452,42.018096920555756,119.42438965182427,311.31134316733505,False,1.0,0.012628385109406627,0.6045014377501237,3.0,0.0,3058.970021857732,0.0,68141.08799999999,3058.970021857732,Healthy,No action needed; leave as is.
SKU-0162,Small Appliances,Heaters,835.61,1957.48,318.2,348.0,18.0,599.8,2026-08-16,788.8270243796376,131.4711707299396,465.3104396553945,956.515144739589,False,2.5714285714285716,0.004454746213868565,2.4203024756935334,4.571428571428571,0.0,2947.985182075741,0.0,265891.102,2947.985182075741,Healthy,No action needed; leave as is.
SKU-0018,Furnishings,Chairs,2543.27,5758.76,22.8,381.0,12.0,265.1,2026-08-16,742.3598678752882,123.72664464588136,537.7690654635793,860.1527774439567,False,1.7142857142857142,0.0021763135722611122,0.18427720290367522,3.7142857142857144,0.0,2658.2565418806275,0.0,57986.556000000004,2658.2565418806275,Healthy,No action needed; leave as is.
SKU-0092,Decor,Rugs,2126.38,3692.21,12.3,24.0,13.0,24.2,2026-08-16,47.394364070188054,7.899060678364676,20.227242175991456,77.80258432904117,False,1.8571428571428572,0.04173841981662513,1.5571471724086619,3.857142857142857,0.0,2260.701172036173,0.0,26154.474000000002,2260.701172036173,Healthy,No action needed; leave as is.
SKU-0199,Furnishings,Chairs,4692.5,7359.22,9.2,13.0,8.0,12.7,2026-08-16,42.98935872580973,7.164893120968288,21.262326752159208,67.13148652170418,False,1.1428571428571428,0.03640489464261754,1.2840386932047745,3.142857142857143,0.0,2193.780783853138,0.0,43171.0,2193.780783853138,Healthy,No action needed; leave as is.
SKU-0125,Furnishings,Storage,6779.35,13338.2,62.0,82.7,11.0,89.5,2026-08-16,231.0165249674278,38.50275416123797,145.53400469920697,295.8047628445392,False,1.5714285714285714,0.0025061030632279884,1.6102744167433485,3.571428571428571,0.0,2022.4723551747734,0.0,420319.7,2022.4723551747734,Healthy,No action needed; leave as is.
SKU-0015,Decor,Lighting,1242.99,1952.37,33.0,90.3,10.0,73.0,2026-08-16,233.27068827465672,38.87844804577612,128.2223373145078,295.50242823940596,False,1.4285714285714286,0.016676555477445815,0.8487993132119179,3.428571428571429,0.0,1808.3369593013997,0.0,41018.67,1808.3369593013997,Healthy,No action needed; leave as is.
SKU-0126,Decor,Wall Art,1256.37,1942.19,4.8,51.0,8.0,35.4,2026-08-16,145.6048301872642,24.26747169787737,100.00520839445792,182.80785055159126,False,1.1428571428571428,0.02325977958709473,0.1977956360579519,3.142857142857143,0.0,1252.8924363673689,0.0,6030.575999999999,1252.8924363673689,Healthy,No action needed; leave as is.
SKU-0184,Decor,Vases,572.49,1430.71,76.7,137.0,11.0,142.4,2026-08-16,424.69566386319997,70.78261064386666,307.6066115605934,519.731408274811,False,1.5714285714285714,0.007771972639741509,1.083599478774609,3.571428571428571,0.0,1236.8131593310393,0.0,43909.983,1236.8131593310393,Healthy,No action needed; leave as is.
SKU-0004,Decor,Wall Art,1126.32,1819.4,6.5,96.0,8.0,81.5,2026-08-16,289.6400719781963,48.27334532969939,234.19986332675927,352.689372984819,False,1.1428571428571428,0.009488743481617868,0.1346498767716639,3.142857142857143,0.0,952.4369591790786,0.0,7321.08,952.4369591790786,Healthy,No action needed; leave as is.
SKU-0061,Decor,Lighting,998.63,2272.18,26.8,32.0,16.0,55.6,2026-08-16,67.01501102461249,11.169168504102082,34.99246841890609,99.0005102971296,False,2.2857142857142856,0.015440722931283216,2.39946241209963,4.285714285714286,0.0,895.6805603528703,0.0,26763.284,895.6805603528703,Healthy,No action needed; leave as is.
SKU-0127,Decor,Rugs,617.77,1444.79,0.0,25.6,15.0,18.0,2026-08-16,29.37289568731856,4.895482614553093,9.031644519357787,49.25360789357454,False,2.142857142857143,0.053566427729639,0.0,4.142857142857142,0.0,811.8693452375853,0.0,0.0,811.8693452375853,Healthy,No action needed; leave as is.
SKU-0096,Decor,Vases,759.77,1312.51,19.8,21.0,13.0,25.6,2026-08-16,54.71275401229122,9.11879233538187,22.21345305101748,82.97393537709057,False,1.8571428571428572,0.03518056220035094,2.171340159066231,3.857142857142857,0.0,781.966295101323,0.0,15043.446,781.966295101323,Healthy,No action needed; leave as is.
SKU-0137,Small Appliances,Kitchen Appliances,1347.34,3135.24,159.8,168.0,14.0,267.7,2026-08-16,533.5083579242321,88.91805965403869,411.6570536521574,631.9487004113523,False,2.0,0.0012544764871334226,1.7971602239381732,4.0,0.0,699.4445486820978,0.0,215304.932,699.4445486820978,Healthy,No action needed; leave as is.
SKU-0053,Small Appliances,Fans,1913.61,3659.52,41.5,84.0,12.0,85.1,2026-08-16,186.5982583623694,31.099709727061565,116.85001128167207,242.06131018442144,False,1.7142857142857142,0.0028499128961919345,1.3344175995279008,3.7142857142857144,0.0,556.0261962425625,0.0,79414.815,556.0261962425625,Healthy,No action needed; leave as is.
SKU-0055,Small Appliances,Air Purifiers,1734.77,3171.16,103.7,59.0,21.0,130.4,2026-08-16,151.64680043869146,25.27446673978191,96.4740676939573,206.81608670949663,False,3.0,0.002158384913552936,4.102955012569132,5.0,0.0,518.9796245713076,0.0,179895.649,518.9796245713076,Healthy,No action needed; leave as is.
SKU-0088,Decor,Rugs,950.61,1977.64,16.6,20.0,8.0,20.0,2026-08-16,69.32737950808593,11.554563251347654,33.30991677644373,99.02967633375698,False,1.1428571428571428,0.018278882312825557,1.4366618312521573,3.142857142857143,0.0,477.3559668956067,0.0,15780.126000000002,477.3559668956067,Healthy,No action needed; leave as is.
SKU-0002,Decor,Wall Art,892.92,1857.98,37.3,50.0,16.0,72.5,2026-08-16,116.4725783417755,19.41209639029592,83.46665741585898,151.44137245967033,False,2.2857142857142856,0.004361268657401922,1.9214823195832789,4.285714285714286,0.0,359.54086331850567,0.0,33305.916,359.54086331850567,Healthy,No action needed; leave as is.
SKU-0110,Small Appliances,Fans,1020.99,2162.6,0.0,235.5,16.0,171.0,2026-08-16,300.91264214194644,50.15210702365774,239.00352109558924,406.6040392575811,False,2.2857142857142856,0.001372804001833046,0.0,4.285714285714286,0.0,340.3265737024944,0.0,0.0,340.3265737024944,Healthy,No action needed; leave as is.
SKU-0149,Decor,rugs,568.76,1328.88,170.7,125.0,17.0,257.9,2026-08-16,425.1663510736674,70.86105851227789,316.3790245574473,483.7881018170021,False,2.4285714285714284,0.0014660455139502888,2.408939459610574,4.428571428571429,0.0,335.2677156740991,0.0,97087.332,335.2677156740991,Healthy,No action needed; leave as is.
SKU-0194,Small Appliances,Fans,1222.78,2645.98,304.4,217.0,7.0,325.5,2026-08-16,1271.331349128627,211.8885581881045,905.3516060832811,1498.1996437057192,False,1.0,0.000522971741310089,1.4366042348061487,3.0,0.0,293.2056166866683,0.0,372214.23199999996,293.2056166866683,Healthy,No action needed; leave as is.
SKU-0189,Small Appliances,Fans,2291.64,3619.6,44.8,60.0,11.0,86.0,2026-08-16,152.8287360673668,25.4714560112278,91.94312356675069,204.28873131000734,False,1.5714285714285714,0.00194036968245838,1.758831532058952,3.571428571428571,0.0,281.1211210468124,0.0,102665.472,281.1211210468124,Healthy,No action needed; leave as is.
SKU-0197,Decor,Vases,459.49,763.37,7.0,4.2,17.0,8.2,2026-08-16,9.053108473071019,1.508851412178503,0.5522721886864008,17.65692305895825,False,2.4285714285714284,0.037952105700966576,4.639290485133517,4.428571428571429,0.026339882070261056,106.16181146025438,146.09197188015517,3216.4300000000003,252.25378334040954,Healthy,No action needed; leave as is.
SKU-0035,Decor,Lighting,1046.13,1706.43,107.2,0.0,7.0,107.0,2026-08-16,213.94844100766636,35.65807350127773,143.7061659649883,268.2103420604548,False,1.0,0.00015443986749859182,3.0063317917654393,3.0,0.0007914739706799123,9.397358040530921,236.194704324998,112145.13600000001,245.59206236552893,Healthy,No action needed; leave as is.
SKU-0169,Decor,Vases,1076.22,2235.99,13.4,21.0,15.0,29.3,2026-08-16,33.99639645177222,5.66606607529537,13.423080618013142,53.16021510873318,False,2.142857142857143,0.008142198482943702,2.3649565363216247,4.142857142857142,0.0,221.0479012048033,0.0,14421.348,221.0479012048033,Healthy,No action needed; leave as is.
SKU-0179,Small Appliances,Kitchen Appliances,1421.52,3114.52,9.5,16.0,12.0,17.1,2026-08-16,27.180844627527442,4.530140771254573,11.685113178531187,47.098238938328336,False,1.7142857142857142,0.008166786662166014,2.097065075831866,3.7142857142857144,0.0,197.53189884645798,0.0,13504.44,197.53189884645798,Healthy,No action needed; leave as is.
SKU-0140,Furnishings,Sofas,3609.56,7867.4,76.3,71.0,13.0,98.2,2026-08-16,188.44332442627288,31.407220737712148,119.16736651255766,240.74535089329368,False,1.8571428571428572,0.00037367169431628476,2.42937764653537,3.857142857142857,0.0,171.4731996749914,0.0,275409.428,171.4731996749914,Healthy,No action needed; leave as is.
SKU-0173,Furnishings,Sofas,6135.34,10774.22,75.0,0.0,7.0,53.8,2026-08-16,167.59374307851945,27.932290513086574,125.72289098235908,214.83258978187123,False,1.0,0.0004560593817580768,2.6850644405571287,3.0,0.0,137.2504521094275,0.0,460150.5,137.2504521094275,Healthy,No action needed; leave as is.
SKU-0090,Decor,Vases,784.76,1561.96,29.0,43.0,8.0,40.4,2026-08-16,136.7167181877475,22.786119697957915,82.14976018879715,180.72075166620027,False,1.1428571428571428,0.0030878901404141784,1.272704628274158,3.142857142857143,0.0,125.60128139312309,0.0,22758.04,125.60128139312309,Healthy,No action needed; leave as is.
SKU-0119,Decor,Wall Art,1110.0,1807.61,42.9,132.0,15.0,122.6,2026-08-16,228.39513984170293,38.06585664028382,148.87757370461372,275.6116136115651,False,2.142857142857143,0.0007927178337520554,1.1269942091517353,4.142857142857142,0.0,116.88322623693858,0.0,47619.0,116.88322623693858,Healthy,No action needed; leave as is.
SKU-0024,Small Appliances,Kitchen Appliances,2123.01,5043.83,18.6,18.0,14.0,25.0,2026-08-16,35.699029609557996,5.949838268259666,20.05070920211837,57.771181407864944,False,2.0,0.00182364439530735,3.1261353941710626,4.0,0.0,109.45503722719651,0.0,39487.986000000004,109.45503722719651,Healthy,No action needed; leave as is.
SKU-0121,Decor,Lighting,769.29,1807.23,60.2,41.0,18.0,67.0,2026-08-16,103.59999121601865,17.266665202669774,66.38548192577653,137.39424519314167,False,2.5714285714285716,0.0008684075589631882,3.486486782096862,4.571428571428571,0.0,69.68189545150415,0.0,46311.258,69.68189545150415,Healthy,No action needed; leave as is.
SKU-0054,Decor,Wall Art,1070.55,1844.25,27.4,42.0,12.0,58.3,2026-08-16,95.89555582782558,15.98259263797093,65.93953723469731,133.17494088002846,False,1.7142857142857142,0.0013696172571814865,1.7143651609379045,3.7142857142857144,0.0,69.2069082509787,0.0,29333.069999999996,69.2069082509787,Healthy,No action needed; leave as is.
SKU-0022,Decor,Wall Art,838.4,1580.3,20.8,49.0,9.0,36.8,2026-08-16,128.75610684259732,21.459351140432886,91.71678990851052,169.95449099190938,False,1.2857142857142858,0.0014072605070451951,0.9692744139318098,3.2857142857142856,0.0,61.358551082575005,0.0,17438.72,61.358551082575005,Healthy,No action needed; leave as is.
SKU-0066,Decor,Rugs,1231.45,2373.98,104.9,140.0,15.0,213.9,2026-08-16,243.83991418459578,40.63998569743263,144.90213645924032,338.9374614980123,False,2.142857142857143,0.00024295422818285188,2.5812016958122825,4.142857142857142,0.0,50.22827726123319,0.0,129179.10500000001,50.22827726123319,Healthy,No action needed; leave as is.
SKU-0185,Small Appliances,Heaters,2566.51,4499.35,23.9,41.0,12.0,37.7,2026-08-16,74.65918959711756,12.44319826618626,41.45752532154196,104.97743659388513,False,1.7142857142857142,0.0005024714335343906,1.9207280546953107,3.7142857142857144,0.0,48.225460266769325,0.0,61339.589,48.225460266769325,Healthy,No action needed; leave as is.
SKU-0017,Decor,Lighting,1022.36,1739.74,187.7,245.0,21.0,329.8,2026-08-16,411.92421014660266,68.65403502443378,299.9999780480592,523.5167840670974,False,3.0,0.000117926893645992,2.7339980808585844,5.0,0.0,42.255624990018255,0.0,191896.97199999998,42.255624990018255,Healthy,No action needed; leave as is.
SKU-0001,Small Appliances,Air Purifiers,1462.76,2787.2,99.2,99.0,18.0,129.4,2026-08-16,189.6026444478262,31.600440741304368,129.41308717311585,252.40776947464747,False,2.5714285714285716,9.856520832657236e-05,3.1391967223525925,4.571428571428571,0.0,22.323350720932545,0.0,145105.79200000002,22.323350720932545,Healthy,No action needed; leave as is.
SKU-0104,Small Appliances,Air Purifiers,1705.57,2982.51,153.0,107.5,21.0,176.0,2026-08-16,242.37543337203303,40.3959055620055,173.8526410378483,303.20974849741094,False,3.0,4.7331106249013966e-05,3.7875125677069765,5.0,0.0,17.107524340956225,0.0,260952.21,17.107524340956225,Healthy,No action needed; leave as is.
SKU-0135,Decor,Lighting,1374.74,2473.9,101.3,359.0,15.0,312.9,2026-08-16,576.061939998187,96.01032333303117,426.38220262572406,689.5502482967585,False,2.142857142857143,1.670963510486693e-05,1.0550948740024604,4.142857142857142,0.0,8.504724662233091,0.0,139261.162,8.504724662233091,Healthy,No action needed; leave as is.
SKU-0060,Furnishings,Sofas,4332.45,8332.74,16.6,20.0,7.0,19.2,2026-08-16,60.1476295199045,10.024604919984084,35.07487605291369,78.28596988528787,False,1.0,5.6374097661524476e-05,1.6559256082908411,3.0,0.0,4.709065163831158,0.0,71918.67,4.709065163831158,Healthy,No action needed; leave as is.
SKU-0172,Decor,Lighting,645.25,1496.33,23.7,23.0,10.0,35.7,2026-08-16,58.77567552125752,9.795945920209586,35.014910802353036,79.96004683644728,False,1.4285714285714286,6.604894081411111e-05,2.4193681950719603,3.428571428571429,0.0,1.3830617785075503,0.0,15292.425,1.3830617785075503,Healthy,No action needed; leave as is.
SKU-0051,Furnishings,Tables,4846.75,9873.24,84.4,51.0,14.0,116.3,2026-08-16,152.1098461761375,25.351641029356248,106.83446335990406,188.54454552828605,False,2.0,2.0936035418375332e-06,3.329173046520656,4.0,0.0,1.0480698091216802,0.0,409065.7,1.0480698091216802,Healthy,No action needed; leave as is.
SKU-0117,Small Appliances,Air Purifiers,2031.2,3605.38,68.5,103.0,8.0,127.3,2026-08-16,331.6298113514622,55.2716352252437,248.96184132659454,386.6989409888861,False,1.1428571428571428,1.9258279292677783e-06,1.2393336965850186,3.142857142857143,0.0,0.4385941012702681,0.0,139137.2,0.4385941012702681,Healthy,No action needed; leave as is.
SKU-0176,Furnishings,Sofas,3096.51,5248.83,305.6,302.0,11.0,352.4,2026-08-16,863.7518865737483,143.95864776229138,720.7869326741198,1071.9201067485806,False,1.5714285714285714,2.664568878381752e-08,2.1228318322676625,3.571428571428571,0.0,0.03163893540515399,0.0,946293.4560000001,0.03163893540515399,Healthy,No action needed; leave as is.
SKU-0157,Decor,Vases,1018.56,1884.47,29.7,25.0,8.0,29.9,2026-08-16,59.05351773806124,9.84225295634354,30.80713872581058,83.13465141582265,False,1.1428571428571428,5.389808798577997e-07,3.0176017759082003,3.142857142857143,0.0,0.011424811853177255,0.0,30251.231999999996,0.011424811853177255,Healthy,No action needed; leave as is.
SKU-0148,Decor,Lighting,664.72,1285.01,27.8,62.0,7.0,51.5,2026-08-16,136.35516642564988,22.725861070941647,90.41946025508824,175.3576140635544,False,1.0,3.560315248743968e-07,1.2232759811924745,3.0,0.0,0.010397173929184506,0.0,18479.216,0.010397173929184506,Healthy,No action needed; leave as is.
SKU-0008,Small Appliances,Heaters,870.11,1917.35,44.9,69.0,10.0,75.3,2026-08-16,114.79722164219427,19.132870273699044,61.399015174429756,150.17007764469722,False,1.4285714285714286,1.506822837311766e-07,2.3467466907838537,3.428571428571429,0.0,0.007896700711738218,0.0,39067.939,0.007896700711738218,Healthy,No action needed; leave as is.
SKU-0034,Decor,Lighting,897.08,1952.86,47.1,48.0,9.0,66.8,2026-08-16,106.77827275864884,17.79637879310814,68.49121944999574,137.60474443139927,False,1.2857142857142858,3.605387671343231e-09,2.646605837488694,3.2857142857142856,0.0,0.0001611013537176679,0.0,42252.468,0.0001611013537176679,Healthy,No action needed; leave as is.
SKU-0139,Small Appliances,Kitchen Appliances,2007.5,4123.28,208.1,201.0,10.0,325.3,2026-08-16,638.732648977417,106.45544149623618,551.6670402521506,764.7201416049786,False,1.4285714285714286,1.1709842688255247e-10,1.954808482076114,3.428571428571429,0.0,7.342834057912139e-05,0.0,417760.75,7.342834057912139e-05,Healthy,No action needed; leave as is.
SKU-0043,Small Appliances,Kitchen Appliances,1369.72,3005.03,78.3,82.0,7.0,98.8,2026-08-16,179.07162139648568,29.845270232747612,113.86354296994321,234.1860562511355,False,1.0,4.974448857354347e-12,2.6235312794750847,3.0,0.0,4.46138083985315e-07,0.0,107249.076,4.46138083985315e-07,Healthy,No action needed; leave as is.
SKU-0056,Small Appliances,Air Purifiers,1387.24,2164.23,283.3,360.0,11.0,392.8,2026-08-16,640.7116040075877,106.78526733459795,617.0431103688034,902.1938320271906,False,1.5714285714285714,3.360532543850142e-17,2.652987692696557,3.571428571428571,0.0,1.2204430054691252e-11,0.0,393005.092,1.2204430054691252e-11,Healthy,No action needed; leave as is.
SKU-0005,Furnishings,Storage,5847.11,12073.72,398.7,499.0,9.0,563.4,2026-08-16,932.4968616917754,155.4161436152959,844.0319944946949,1067.268938537704,False,1.2857142857142858,1.9729319831764672e-67,2.5653705639930724,3.2857142857142856,0.0,4.759855965906237e-61,0.0,2331242.7569999998,4.759855965906237e-61,Healthy,No action needed; leave as is.
